{"cameraMode":{"drawMode":0,"name":"Shaded","section":"Shading Mode"},"sceneLighting":true,"audioPlay":false,"sceneViewState":{"m_AlwaysRefresh":false,"showFog":true,"showSkybox":true,"showFlares":true,"showImageEffects":true,"showParticleSystems":true,"showVisualEffectGraphs":true,"m_FxEnabled":true},"in2DMode":false,"pivot":{"x":-0.06441200524568558,"y":3.386486768722534,"z":-4.498232364654541},"rotation":{"x":0.09717494249343872,"y":-0.5646440982818604,"z":0.06734757870435715,"w":0.816917896270752},"size":14.354155540466309,"orthographic":true}