{"cameraMode":{"drawMode":0,"name":"Shaded","section":"Shading Mode"},"sceneLighting":true,"audioPlay":false,"sceneViewState":{"m_AlwaysRefresh":false,"showFog":true,"showSkybox":true,"showFlares":true,"showImageEffects":true,"showParticleSystems":true,"showVisualEffectGraphs":true,"m_FxEnabled":true},"in2DMode":false,"pivot":{"x":-1.21128511428833,"y":0.0011180491419509054,"z":2.6982357501983644},"rotation":{"x":0.20344673097133637,"y":-0.7783549427986145,"z":0.3146108090877533,"w":0.5039331912994385},"size":115.24772644042969,"orthographic":true}