{"cameraMode":{"drawMode":0,"name":"Shaded","section":"Shading Mode"},"sceneLighting":false,"audioPlay":false,"sceneViewState":{"m_AlwaysRefresh":false,"showFog":true,"showSkybox":false,"showFlares":true,"showImageEffects":true,"showParticleSystems":true,"showVisualEffectGraphs":true,"m_FxEnabled":true},"in2DMode":false,"pivot":{"x":-0.022474944591522218,"y":-0.5199999809265137,"z":-0.033342719078063968},"rotation":{"x":-0.10296159982681275,"y":-0.08226852864027024,"z":0.00854465551674366,"w":-0.9912417531013489},"size":0.7088723182678223,"orthographic":true}